name,platform,release_date,metascore,user_score,developer,publisher,genre
The Legend of Zelda: Tears of the Kingdom - Nintendo Switch 2 Edition,Nintendo Switch 2,2025-06-05,95.0,8.3,Nintendo,Nintendo,Open-World Action
The Legend of Zelda: Breath of the Wild - Nintendo Switch 2 Edition,Nintendo Switch 2,2025-06-05,95.0,8.5,Nintendo,Nintendo,Open-World Action
Hades II,PC,2025-09-25,95.0,8.6,Supergiant Games,Supergiant Games,Action RPG
Hades II,Nintendo Switch,2025-09-25,98.0,9.3,Supergiant Games,Supergiant Games,Action RPG
Hades II,Nintendo Switch 2,2025-09-25,94.0,8.6,Supergiant Games,Supergiant Games,Action RPG
Clair Obscur: Expedition 33,Xbox Series X,2025-04-24,91.0,9.7,Sandfall Interactive,Kepler Interactive|Maximum Entertainment,JRPG
Clair Obscur: Expedition 33,PC,2025-04-24,91.0,9.7,Sandfall Interactive,Kepler Interactive|Maximum Entertainment,JRPG
Clair Obscur: Expedition 33,PlayStation 5,2025-04-24,93.0,9.6,Sandfall Interactive,Kepler Interactive|Maximum Entertainment,JRPG
Blue Prince,PC,2025-04-10,92.0,7.8,Dogubomb,Raw Fury,First-Person Adventure
Blue Prince,PlayStation 5,2025-04-10,85.0,8.0,Dogubomb,Raw Fury,First-Person Adventure
Blue Prince,Xbox Series X,2025-04-10,90.0,8.4,Dogubomb,Raw Fury,First-Person Adventure
Split Fiction,PC,2025-03-06,90.0,9.0,Hazelight,EA Originals|Electronic Arts,Linear Action Adventure
Split Fiction,PlayStation 5,2025-03-06,91.0,8.7,Hazelight,EA Originals|Electronic Arts,Linear Action Adventure
Split Fiction,Xbox Series X,2025-03-06,93.0,8.9,Hazelight,EA Originals|Electronic Arts,Linear Action Adventure
Split Fiction,Nintendo Switch 2,2025-03-06,89.0,9.1,Hazelight,EA Originals|Electronic Arts,Linear Action Adventure
Hollow Knight: Silksong,Nintendo Switch,2025-09-04,94.0,9.0,Team Cherry,Team Cherry,Metroidvania
Hollow Knight: Silksong,PC,2025-09-04,91.0,9.0,Team Cherry,Team Cherry,Metroidvania
Hollow Knight: Silksong,PlayStation 5,2025-09-04,92.0,8.6,Team Cherry,Team Cherry,Metroidvania
Hollow Knight: Silksong,Xbox Series X,2025-09-04,90.0,8.7,Team Cherry,Team Cherry,Metroidvania
Hollow Knight: Silksong,Xbox One,2025-09-04,91.0,9.0,Team Cherry,Team Cherry,Metroidvania
Donkey Kong Bananza,Nintendo Switch 2,2025-07-17,91.0,9.1,Nintendo,Nintendo,3D Platformer
Caves of Qud,PC,2024-12-05,91.0,8.3,Freehold Games,Kitfox Games,Roguelike
Trails in the Sky 1st Chapter,Nintendo Switch,2025-09-19,89.0,9.6,Falcom,GungHo|Falcom|Clear River Games,JRPG
Trails in the Sky 1st Chapter,PC,2025-09-19,89.0,9.1,Falcom,GungHo|Falcom|Clear River Games,JRPG
Trails in the Sky 1st Chapter,PlayStation 5,2025-09-19,90.0,9.0,Falcom,GungHo|Falcom|Clear River Games,JRPG
despelote,PC,2025-05-01,89.0,6.1,Julian Cordero,Panic Inc.,Adventure
The Talos Principle: Reawakened,Xbox Series X,2025-04-10,87.0,8.5,Croteam,Devolver Digital,First-Person Adventure
The Talos Principle: Reawakened,PC,2025-04-10,89.0,6.4,Croteam,Devolver Digital,First-Person Adventure
Death Stranding 2: On The Beach,PlayStation 5,2025-06-26,89.0,8.8,Kojima Productions,Sony Interactive Entertainment|PlayStation Studios,Open-World Action
Monster Hunter Wilds,PC,2025-02-28,88.0,5.4,Capcom,Capcom,Action RPG
Monster Hunter Wilds,Xbox Series X,2025-02-28,90.0,7.7,Capcom,Capcom,Action RPG
Monster Hunter Wilds,PlayStation 5,2025-02-28,88.0,7.1,Capcom,Capcom,Action RPG
Abiotic Factor,PC,2025-07-22,88.0,8.1,Deep Field Games,Playstack,Survival
Kingdom Come: Deliverance II,PC,2025-02-04,88.0,8.7,Warhorse Studios,Deep Silver,Action RPG
Kingdom Come: Deliverance II,PlayStation 5,2025-02-04,88.0,8.6,Warhorse Studios,Deep Silver,Action RPG
Kingdom Come: Deliverance II,Xbox Series X,2025-02-04,88.0,8.3,Warhorse Studios,Deep Silver,Action RPG
FINAL FANTASY TACTICS - The Ivalice Chronicles,PlayStation 5,2025-09-30,88.0,7.4,Creative Business Unit III,Square Enix,Turn-Based Tactics
FINAL FANTASY TACTICS - The Ivalice Chronicles,PC,2025-09-30,88.0,7.3,Creative Business Unit III,Square Enix,Turn-Based Tactics
FINAL FANTASY TACTICS - The Ivalice Chronicles,Nintendo Switch,2025-09-30,88.0,4.0,Creative Business Unit III,Square Enix,Turn-Based Tactics
Sword of the Sea,PlayStation 5,2025-08-19,88.0,8.6,Giant Squid,Giant Squid,Action Adventure
Sword of the Sea,PC,2025-08-19,82.0,7.8,Giant Squid,Giant Squid,Action Adventure
Super Mario Galaxy + Super Mario Galaxy 2,Nintendo Switch,2025-10-02,88.0,7.4,Nintendo,Nintendo,Compilation
Earthion,PC,2025-07-31,87.0,8.5,Ancient,Limited Run Games,Horizontal Shoot-'Em-Up
Monster Train 2,PC,2025-05-21,87.0,7.9,Shiny Shoe,Big Fan Games,Card Battle
Shinobi: Art of Vengeance,PC,2025-08-29,86.0,9.1,Lizardcube,Sega|Limited Run Games,2D Platformer
Shinobi: Art of Vengeance,PlayStation 5,2025-08-29,87.0,8.6,Lizardcube,Sega|Limited Run Games,2D Platformer
Shinobi: Art of Vengeance,PlayStation 4,2025-08-29,85.0,9.0,Lizardcube,Sega|Limited Run Games,2D Platformer
Shinobi: Art of Vengeance,Nintendo Switch,2025-08-29,89.0,9.5,Lizardcube,Sega|Limited Run Games,2D Platformer
Pipistrello and the Cursed Yoyo,PC,2025-05-28,87.0,8.2,Pocket Trap,PM Studios Inc.,Action Adventure
Pipistrello and the Cursed Yoyo,Nintendo Switch,2025-05-28,88.0,9.2,Pocket Trap,PM Studios Inc.,Action Adventure
ANTONBLAST,PC,2024-12-03,87.0,8.1,Summitsphere,Summitsphere,2D Platformer
Xenoblade Chronicles X: Definitive Edition,Nintendo Switch,2025-03-20,87.0,8.4,Monolith Soft,Nintendo,Action RPG
Lonely Mountains: Snow Riders,PC,2025-01-21,87.0,6.7,Megagon Industries,Megagon Industries,Skiing
The Roottrees are Dead,PC,2025-01-15,86.0,7.6,Robin Ward,Evil Trout,Point-and-Click
Ghost of Yotei,PlayStation 5,2025-10-02,86.0,8.3,Sucker Punch,Sony Interactive Entertainment,Open-World Action
Street Fighter 6: Years 1-2 Fighters Edition,Nintendo Switch 2,2025-06-05,86.0,7.9,Capcom,Capcom,2D Fighting
Mario Kart World,Nintendo Switch 2,2025-06-05,86.0,6.9,Nintendo,Nintendo,Auto Racing
Sea of Stars: Throes of the Watchmaker,Nintendo Switch,2025-05-20,86.0,7.7,Sabotage Studio,Sabotage Studio,JRPG
Indiana Jones and the Great Circle,PC,2024-12-09,87.0,7.9,MachineGames,Bethesda Softworks,Action Adventure
Indiana Jones and the Great Circle,Xbox Series X,2024-12-09,86.0,8.2,MachineGames,Bethesda Softworks,Action Adventure
Indiana Jones and the Great Circle,PlayStation 5,2024-12-09,88.0,7.5,MachineGames,Bethesda Softworks,Action Adventure
Deep Rock Galactic: Survivor,PC,2025-09-17,86.0,8.3,Funday Games,Ghost Ship Publishing,Top-Down Shoot-'Em-Up
DELTARUNE,Nintendo Switch 2,2025-06-05,86.0,8.9,8-4,8-4,JRPG
Silent Hill f,PlayStation 5,2025-09-25,86.0,7.0,NeoBards Entertainment,Konami,Survival
Silent Hill f,Xbox Series X,2025-09-25,83.0,7.0,NeoBards Entertainment,Konami,Survival
Silent Hill f,PC,2025-09-25,85.0,6.2,NeoBards Entertainment,Konami,Survival
Citizen Sleeper 2: Starward Vector,PC,2025-01-31,86.0,7.4,Jump Over The Age,Fellow Traveller,Western RPG
Citizen Sleeper 2: Starward Vector,Xbox Series X,2025-01-31,85.0,7.2,Jump Over The Age,Fellow Traveller,Western RPG
Age of Mythology: Retold - Immortal Pillars,PlayStation 5,2025-03-04,86.0,8.2,World's Edge,Xbox Game Studios,Real-Time Strategy
StarVaders,PC,2025-04-30,85.0,8.1,Pengonauts,Joystick Ventures|StarVaders Games,Card Battle
Yakuza 0: Director's Cut,Nintendo Switch 2,2025-06-05,85.0,7.7,Ryu ga Gotoku Studios,Sega,Open-World Action
Metal Gear Solid Delta: Snake Eater,PlayStation 5,2025-08-28,85.0,7.6,Konami,Konami,Action Adventure
Metal Gear Solid Delta: Snake Eater,Xbox Series X,2025-08-28,83.0,6.9,Konami,Konami,Action Adventure
Metal Gear Solid Delta: Snake Eater,PC,2025-08-28,83.0,6.4,Konami,Konami,Action Adventure
Lies of P: Overture,PlayStation 5,2025-06-06,84.0,8.4,Round 8 Studio of NEOWIZ,Neowiz,Action RPG
Lies of P: Overture,PlayStation 4,2025-06-06,85.0,8.0,Round 8 Studio of NEOWIZ,Neowiz,Action RPG
Dungeons of Dreadrock 2 - The Dead King's Secret,Nintendo Switch,2024-11-28,85.0,7.4,Prof. Dr. Christoph Minnameier,Prof. Dr. Christoph Minnameier,Action Adventure
Cyberpunk 2077: Ultimate Edition,PlayStation 5,2025-06-05,85.0,8.5,CD Projekt Red Studio,"CD Projekt Red Studio|Spike Chunsoft|Bandai Namco Games|H2 Interactive Co., Ltd.",Action RPG
The Rise of the Golden Idol,PC,2024-11-12,85.0,8.2,Color Gray Games,Playstack,Point-and-Click
Tetris Forever,Nintendo Switch,2024-11-12,85.0,6.8,Digital Eclipse,Digital Eclipse|Clear River Games,Compilation
The Alters,PC,2025-06-13,84.0,8.2,11 bit studios,11 bit studios|Silver Lining Interactive,Survival
The Alters,Xbox Series X,2025-06-13,86.0,9.1,11 bit studios,11 bit studios|Silver Lining Interactive,Survival
The Alters,PlayStation 5,2025-06-13,83.0,9.0,11 bit studios,11 bit studios|Silver Lining Interactive,Survival
Two Point Museum,PlayStation 5,2025-03-04,83.0,9.3,Two Point Studios,Sega,Tycoon
Two Point Museum,PC,2025-03-04,84.0,8.2,Two Point Studios,Sega,Tycoon
The Hundred Line: Last Defense Academy,Nintendo Switch,2025-04-24,84.0,8.1,Too Kyo Games,Marvelous Inc.|XSEED Games|Aniplex Inc.|Justdan,Turn-Based Tactics
The Hundred Line: Last Defense Academy,PC,2025-04-24,83.0,7.8,Too Kyo Games,Marvelous Inc.|XSEED Games|Aniplex Inc.|Justdan,Turn-Based Tactics
The Drifter,Nintendo Switch,2025-07-17,84.0,8.0,Powerhoof,Powerhoof,Point-and-Click
s.p.l.i.t,PC,2025-07-24,84.0,8.3,Mike Klubnika,Mike Klubnika,Adventure
Quartet,PC,2025-08-26,84.0,8.2,Something Classic Games,Something Classic Games,JRPG
System Shock 2: 25th Anniversary Remaster,PC,2025-06-26,84.0,8.3,Nightdive Studios,Nightdive Studios,Survival
Keep Driving,PC,2025-02-06,84.0,7.7,YCJY Games,YCJY Games,RPG
Ninja Gaiden: Ragebound,PC,2025-07-31,84.0,7.8,The Game Kitchen,DotEmu,2D Platformer
Ninja Gaiden: Ragebound,Nintendo Switch,2025-07-31,87.0,7.3,The Game Kitchen,DotEmu,2D Platformer
Ninja Gaiden: Ragebound,PlayStation 5,2025-07-31,84.0,7.4,The Game Kitchen,DotEmu,2D Platformer
Dragon Quest III HD-2D Remake,Nintendo Switch,2024-11-14,82.0,7.5,Artdink,Square Enix,JRPG
Dragon Quest III HD-2D Remake,PlayStation 5,2024-11-14,84.0,7.1,Artdink,Square Enix,JRPG
Dragon Quest III HD-2D Remake,Xbox Series X,2024-11-14,78.0,6.7,Artdink,Square Enix,JRPG
Dragon Quest III HD-2D Remake,PC,2024-11-14,86.0,6.3,Artdink,Square Enix,JRPG
Gradius Origins,Nintendo Switch,2025-08-07,83.0,8.0,M2,Konami|Limited Run Games,Compilation
Gradius Origins,PlayStation 5,2025-08-07,84.0,8.2,M2,Konami|Limited Run Games,Compilation
Senua's Saga: Hellblade II - Enhanced,PlayStation 5,2025-08-12,84.0,7.0,Ninja Theory,Microsoft Corporation|Limited Run Games,Action Adventure
Bravely Default: Flying Fairy HD Remaster,Nintendo Switch 2,2025-06-05,84.0,7.3,Square Enix,Square Enix,JRPG
ENDER MAGNOLIA: Bloom in the Mist,PC,2025-01-22,84.0,8.1,Live Wire,Binary Haze Interactive,Metroidvania
ENDER MAGNOLIA: Bloom in the Mist,PlayStation 5,2025-01-22,83.0,8.9,Live Wire,Binary Haze Interactive,Metroidvania
DOOM: The Dark Ages,Xbox Series X,2025-05-15,85.0,8.1,id Software,Bethesda Softworks|Microsoft Corporation,FPS
DOOM: The Dark Ages,PC,2025-05-15,85.0,7.7,id Software,Bethesda Softworks|Microsoft Corporation,FPS
DOOM: The Dark Ages,PlayStation 5,2025-05-15,83.0,8.0,id Software,Bethesda Softworks|Microsoft Corporation,FPS
Look Outside,PC,2025-03-21,83.0,9.0,FrankieSmileShow,Devolver Digital,JRPG
Kirby and the Forgotten Land: Nintendo Switch 2 Edition + Star-Crossed World,Nintendo Switch 2,2025-08-28,83.0,8.2,HAL Labs,Nintendo,3D Platformer
Dawnfolk,PC,2025-02-13,83.0,7.6,Darenn Keller,Astra Logical,Strategy
Sorry We're Closed,PC,2024-11-14,83.0,5.7,A La Mode,Akupara Games,Survival
Drop Duchy,PC,2025-05-05,83.0,6.8,Sleepy Mill Studio,The Arcade Crew,Turn-Based Strategy
POPUCOM,PlayStation 5,2025-06-01,83.0,8.3,Hypergryph,Gryph Frontier,3D Platformer
MLB The Show 25,PlayStation 5,2025-03-18,83.0,5.5,San Diego Studio,Sony Interactive Entertainment,Baseball Sim
MiSide,PC,2024-12-10,83.0,7.9,AIHASTO,IndieArk,Adventure
Lost in Random: The Eternal Die,PlayStation 5,2025-06-17,83.0,6.9,Thunderful,Thunderful,Action Adventure
Lost in Random: The Eternal Die,PC,2025-06-17,78.0,6.8,Thunderful,Thunderful,Action Adventure
Story of Seasons: Grand Bazaar,Nintendo Switch,2025-08-27,81.0,7.1,Marvelous Inc.,XSEED Games|Marvelous Inc.|Marvelous Europe,Virtual Life
Story of Seasons: Grand Bazaar,Nintendo Switch 2,2025-08-27,83.0,8.7,Marvelous Inc.,XSEED Games|Marvelous Inc.|Marvelous Europe,Virtual Life
THRESHOLD (Julien Eveille),PC,2024-11-19,83.0,8.1,Julien Eveille,Critical Reflex,First-Person Adventure
OFF,PC,2025-08-15,83.0,6.9,MortisGhost,Fangamer,JRPG
Expelled!,PC,2025-03-12,82.0,7.3,inkle,inkle,Visual Novel
Rosewater,PC,2025-03-27,82.0,6.9,Grundislav Games,Application Systems Heidelberg,Adventure
Hell Clock,PC,2025-07-22,82.0,9.1,Rogue Snail,Mad Mushroom,Top-Down Shoot-'Em-Up
NBA 2K26,PlayStation 5,2025-09-05,82.0,4.9,Visual Concepts,2K Games|Take-Two Interactive,Basketball Sim
Tony Hawk's Pro Skater 3 + 4,PlayStation 5,2025-07-11,82.0,6.7,Iron Galaxy Studios,Activision,Compilation
Tony Hawk's Pro Skater 3 + 4,Xbox Series X,2025-07-11,86.0,8.3,Iron Galaxy Studios,Activision,Compilation
Tony Hawk's Pro Skater 3 + 4,PC,2025-07-11,81.0,5.2,Iron Galaxy Studios,Activision,Compilation
Achilles: Survivor,PC,2025-07-29,82.0,7.7,Dark Point Games,Dark Point Games,Top-Down Shoot-'Em-Up
Achilles: Survivor,Xbox One,2025-07-29,80.0,6.0,Dark Point Games,Dark Point Games,Top-Down Shoot-'Em-Up
Sonic Racing: CrossWorlds,PlayStation 5,2025-09-25,82.0,9.1,Sonic Team,Sega,Arcade Racing
Sonic Racing: CrossWorlds,Xbox Series X,2025-09-25,88.0,8.7,Sonic Team,Sega,Arcade Racing
Sonic Racing: CrossWorlds,PC,2025-09-25,84.0,9.4,Sonic Team,Sega,Arcade Racing
PEAK,PC,2025-06-16,82.0,7.8,Landcrab,Aggro Crab,Action Adventure
Crown Gambit,PC,2025-06-18,82.0,7.0,WILD WITS,Playdigious,Card Battle
Cataclismo,PC,2025-03-20,82.0,5.9,Digital Sun,Hooded Horse,Defense
EA Sports College Football 26,PlayStation 5,2025-07-10,82.0,4.5,EA Tiburon,Electronic Arts,Football Sim
EA Sports College Football 26,Xbox Series X,2025-07-10,82.0,3.4,EA Tiburon,Electronic Arts,Football Sim
Capcom Fighting Collection 2,PlayStation 4,2025-05-16,82.0,5.4,Capcom,Capcom,Compilation
HITMAN World of Assassination Part One - VR Edition,PlayStation 5,2025-03-27,82.0,7.9,Io Interactive,Io Interactive,Compilation
Kathy Rain 2: Soothsayer,PC,2025-05-20,82.0,8.9,Clifftop Games,Raw Fury,Point-and-Click
Tales of Graces f Remastered,Nintendo Switch,2025-01-17,80.0,9.2,TOSE,Bandai Namco Games,Action RPG
Tales of Graces f Remastered,PlayStation 5,2025-01-17,82.0,8.3,TOSE,Bandai Namco Games,Action RPG
Tales of Graces f Remastered,PC,2025-01-17,77.0,8.3,TOSE,Bandai Namco Games,Action RPG
Assassin's Creed Shadows,PC,2025-03-20,79.0,5.0,Ubisoft Quebec,Ubisoft,Open-World Action
Assassin's Creed Shadows,Xbox Series X,2025-03-20,85.0,6.4,Ubisoft Quebec,Ubisoft,Open-World Action
Assassin's Creed Shadows,PlayStation 5,2025-03-20,81.0,6.2,Ubisoft Quebec,Ubisoft,Open-World Action
Borderlands 4,PlayStation 5,2025-09-12,77.0,5.8,Gearbox Software,2K Games,FPS
Borderlands 4,Xbox Series X,2025-09-12,90.0,6.1,Gearbox Software,2K Games,FPS
Borderlands 4,PC,2025-09-12,81.0,4.4,Gearbox Software,2K Games,FPS
HASTE: Broken Worlds,PC,2025-04-01,81.0,7.4,LandFall,LandFall,3D Platformer
Elroy And The Aliens,PC,2025-04-02,81.0,8.4,Motiviti,Motiviti,Point-and-Click
Bionic Bay,PC,2025-04-17,87.0,7.4,Psychoflow Studio,Kepler Interactive,2D Platformer
Bionic Bay,PlayStation 5,2025-04-17,81.0,8.9,Psychoflow Studio,Kepler Interactive,2D Platformer
Songs Of Silence,PC,2024-11-13,81.0,8.3,Chimera Entertainment,Chimera Entertainment,4X Strategy
Songs Of Silence,PlayStation 5,2024-11-13,68.0,5.8,Chimera Entertainment,Chimera Entertainment,4X Strategy
Rune Factory: Guardians of Azuma,PC,2025-06-05,80.0,9.5,Marvelous Inc.,Marvelous Inc.|Marvelous Europe,Action RPG
Rune Factory: Guardians of Azuma,Nintendo Switch,2025-06-05,81.0,8.2,Marvelous Inc.,Marvelous Inc.|Marvelous Europe,Action RPG
Rune Factory: Guardians of Azuma,Nintendo Switch 2,2025-06-05,82.0,8.9,Marvelous Inc.,Marvelous Inc.|Marvelous Europe,Action RPG
Duck Detective: The Ghost of Glamping,PC,2025-05-22,81.0,7.6,Happy Broccoli Games,Happy Broccoli Games,Adventure
Stars In The Trash,PC,2024-12-09,81.0,8.9,Valhalla Cats,IndieArk,2D Platformer
SaGa Frontier 2 Remastered,Nintendo Switch,2025-03-27,81.0,7.5,Square Enix,Square Enix|Arc System Works,JRPG
RollerCoaster Tycoon Classic,iOS (iPhone/iPad),2024-12-05,90.0,7.9,Atari,Atari,Tycoon
RollerCoaster Tycoon Classic,Nintendo Switch,2024-12-05,81.0,8.5,Atari,Atari,Tycoon
Back to the Dawn,PC,2025-07-18,81.0,7.4,Metal Head Games,Spiral Up Games,Action Adventure
Great God Grove,PC,2024-11-15,81.0,7.4,LimboLane,Fellow Traveller,Adventure
Suikoden I & II HD Remaster: Gate Rune and Dunan Unification Wars,Xbox One,2025-03-06,82.0,7.9,Konami,Konami,Compilation
Suikoden I & II HD Remaster: Gate Rune and Dunan Unification Wars,PC,2025-03-06,81.0,8.2,Konami,Konami,Compilation
Tiny Bookshop,PC,2025-08-07,81.0,5.0,neoludic games,Skystone Games,Tycoon
The Darkest Files,PC,2025-03-25,80.0,7.6,Paintbucket Games,Paintbucket Games,First-Person Adventure
F1 25,PlayStation 5,2025-05-30,80.0,7.5,Codemasters,Electronic Arts,Auto Racing Sim
F1 25,PC,2025-05-30,81.0,8.4,Codemasters,Electronic Arts,Auto Racing Sim
FANTASIAN Neo Dimension,Nintendo Switch,2024-12-05,80.0,8.2,Mistwalker,Square Enix,JRPG
FANTASIAN Neo Dimension,PlayStation 5,2024-12-05,81.0,7.4,Mistwalker,Square Enix,JRPG
Dragon Ball: Gekishin Squadra,iOS (iPhone/iPad),2025-09-09,80.0,6.3,Ganbarion,Bandai Namco Games,MOBA
Star Wars Outlaws: Gold Edition,Nintendo Switch 2,2025-09-04,80.0,7.3,Massive Entertainment,Ubisoft,Open-World Action
Slender Threads,PC,2025-02-07,80.0,6.6,Blyts,Blyts,Point-and-Click
PGA TOUR 2K25,PlayStation 5,2025-02-28,80.0,5.4,HB Studios Multimedia,2K Games|Take-Two Interactive,Golf Sim
PGA TOUR 2K25,Xbox Series X,2025-02-28,78.0,3.2,HB Studios Multimedia,2K Games|Take-Two Interactive,Golf Sim
PGA TOUR 2K25,PC,2025-02-28,79.0,5.8,HB Studios Multimedia,2K Games|Take-Two Interactive,Golf Sim
Tempest Rising,PC,2025-04-21,80.0,7.5,Slipgate Ironworks,3D Realms,Real-Time Strategy
Ninja Gaiden 2 Black,Xbox Series X,2025-01-23,81.0,8.5,Team Ninja,Koei Tecmo Games,Action Adventure
Ninja Gaiden 2 Black,PC,2025-01-23,81.0,7.5,Team Ninja,Koei Tecmo Games,Action Adventure
Ninja Gaiden 2 Black,PlayStation 5,2025-01-23,80.0,7.9,Team Ninja,Koei Tecmo Games,Action Adventure
Wanderstop,PC,2025-03-11,80.0,6.4,Ivy Road,Annapurna Interactive,Third-Person Adventure
Fantasy Life i: The Girl Who Steals Time,Nintendo Switch,2025-05-21,86.0,8.7,Level-5 Comcept,Level 5,Virtual Life
Fantasy Life i: The Girl Who Steals Time,PlayStation 5,2025-05-21,80.0,8.3,Level-5 Comcept,Level 5,Virtual Life
Fantasy Life i: The Girl Who Steals Time,PlayStation 4,2025-05-21,86.0,9.0,Level-5 Comcept,Level 5,Virtual Life
Fantasy Life i: The Girl Who Steals Time,Xbox Series X,2025-05-21,86.0,8.8,Level-5 Comcept,Level 5,Virtual Life
Old Skies,PC,2025-04-23,80.0,6.8,Wadjet Eye Games,Wadjet Eye Games,Point-and-Click
Stronghold Crusader: Definitive Edition,PC,2025-07-15,80.0,8.7,FireFly Studios,FireFly Studios,Real-Time Strategy
Ready or Not,PC,2025-07-15,79.0,7.3,VOID Interactive,VOID Interactive,Tactical FPS
Ready or Not,Xbox Series X,2025-07-15,83.0,3.7,VOID Interactive,VOID Interactive,Tactical FPS
Ready or Not,PlayStation 5,2025-07-15,80.0,5.8,VOID Interactive,VOID Interactive,Tactical FPS
Avowed,Xbox Series X,2025-02-18,80.0,6.8,Obsidian Entertainment,Xbox Game Studios,Action RPG
Avowed,PC,2025-02-18,77.0,5.6,Obsidian Entertainment,Xbox Game Studios,Action RPG
Hello Kitty Island Adventure,iOS (iPhone/iPad),2025-01-30,83.0,7.3,Sunblink,Sunblink|U&I Entertainment,Virtual Life
Hello Kitty Island Adventure,Nintendo Switch,2025-01-30,80.0,6.8,Sunblink,Sunblink|U&I Entertainment,Virtual Life
Atelier Yumia: The Alchemist of Memories & The Envisioned Land,Nintendo Switch,2025-03-21,76.0,8.6,Gust,Koei Tecmo Games,JRPG
Atelier Yumia: The Alchemist of Memories & The Envisioned Land,PlayStation 5,2025-03-21,80.0,8.1,Gust,Koei Tecmo Games,JRPG
Atelier Yumia: The Alchemist of Memories & The Envisioned Land,Xbox Series X,2025-03-21,84.0,10.0,Gust,Koei Tecmo Games,JRPG
Atelier Yumia: The Alchemist of Memories & The Envisioned Land,PC,2025-03-21,81.0,7.4,Gust,Koei Tecmo Games,JRPG
Spilled!,PC,2025-03-26,80.0,7.3,Lente,Lente,Strategy
The Rogue Prince of Persia,PC,2025-08-20,80.0,7.3,Evil Empire,Ubisoft,2D Platformer
The Rogue Prince of Persia,Nintendo Switch 2,2025-08-20,81.0,6.6,Evil Empire,Ubisoft,2D Platformer
The Rogue Prince of Persia,PlayStation 5,2025-08-20,82.0,5.8,Evil Empire,Ubisoft,2D Platformer
Time Flies,Nintendo Switch,2025-07-31,80.0,7.2,Playables,Panic Inc.,Adventure
Stories from Sol: The Gun-Dog,PC,2025-02-20,80.0,8.1,Space Colony Studios,Astrolabe Games,Visual Novel
Fatal Fury: City of the Wolves,PlayStation 5,2025-04-24,80.0,6.4,SNK Corporation,SNK Corporation,2D Fighting
Fatal Fury: City of the Wolves,PC,2025-04-24,79.0,7.7,SNK Corporation,SNK Corporation,2D Fighting
The Elder Scrolls IV: Oblivion Remastered,PC,2025-04-22,80.0,7.5,Bethesda Game Studios,Bethesda Softworks,Western RPG
The Elder Scrolls IV: Oblivion Remastered,Xbox Series X,2025-04-22,82.0,7.5,Bethesda Game Studios,Bethesda Softworks,Western RPG
The Elder Scrolls IV: Oblivion Remastered,PlayStation 5,2025-04-22,82.0,7.0,Bethesda Game Studios,Bethesda Softworks,Western RPG
Infinity Nikki,PlayStation 5,2024-12-05,75.0,5.5,Papergames,Infold Games,Open-World Action
Infinity Nikki,PlayStation 4,2024-12-05,80.0,6.8,Papergames,Infold Games,Open-World Action
Amerzone - The Explorer's Legacy,PlayStation 5,2025-04-24,80.0,8.5,Microids Studio Paris,Microids,Point-and-Click
WWE 2K25,PlayStation 5,2025-03-14,80.0,6.1,Visual Concepts,2K Games|Take-Two Interactive,Wrestling
WWE 2K25,Xbox Series X,2025-03-14,84.0,5.6,Visual Concepts,2K Games|Take-Two Interactive,Wrestling
Koira,PC,2025-04-01,80.0,7.5,Studio Tolima,DONTNOD Entertainment,Adventure
Shotgun Cop Man,PC,2025-05-01,80.0,6.9,DeadToast Entertainment,Devolver Digital,2D Platformer
FAST Fusion,Nintendo Switch 2,2025-06-05,80.0,7.3,Shin'en,Shin'en,Future Racing
Tainted Grail: The Fall of Avalon,PC,2025-05-23,80.0,7.6,Questline,Awaken Realms,Western RPG
Tainted Grail: The Fall of Avalon,PlayStation 5,2025-05-23,75.0,7.8,Questline,Awaken Realms,Western RPG
Tainted Grail: The Fall of Avalon,Xbox Series X,2025-05-23,73.0,9.5,Questline,Awaken Realms,Western RPG
LEGO Party!,PlayStation 5,2025-09-30,80.0,9.4,SMG Studio,Fictions,Party
Sunderfolk,PlayStation 5,2025-04-23,84.0,8.5,Secret Door,Dreamhaven,Turn-Based Tactics
Sunderfolk,PC,2025-04-23,79.0,7.9,Secret Door,Dreamhaven,Turn-Based Tactics
Among Ashes,PlayStation 5,2024-12-09,79.0,6.7,Rat Cliff Games,Dojo System|Selecta Play,Survival
Lushfoil Photography Sim,PC,2025-04-15,79.0,6.8,Matt Newell,Annapurna Interactive,Simulation
Tom Clancy's Rainbow Six Siege X,PC,2025-06-10,79.0,6.0,Ubisoft Montreal,Ubisoft,Tactical FPS
Gears of War: Reloaded,Xbox Series X,2025-08-26,85.0,6.8,The Coalition,Microsoft Corporation|Microsoft Game Studios,Third Person Shooter
Gears of War: Reloaded,PC,2025-08-26,75.0,5.8,The Coalition,Microsoft Corporation|Microsoft Game Studios,Third Person Shooter
Gears of War: Reloaded,PlayStation 5,2025-08-26,79.0,6.6,The Coalition,Microsoft Corporation|Microsoft Game Studios,Third Person Shooter
Dynasty Warriors: Origins,PlayStation 5,2025-01-17,79.0,8.1,Omega Force,Koei Tecmo Games,3D Beat-'Em-Up
Dynasty Warriors: Origins,PC,2025-01-17,84.0,8.2,Omega Force,Koei Tecmo Games,3D Beat-'Em-Up
Dynasty Warriors: Origins,Xbox Series X,2025-01-17,79.0,8.0,Omega Force,Koei Tecmo Games,3D Beat-'Em-Up
Alaloth - Champions of The Four Kingdoms,Xbox One,2024-11-21,79.0,7.7,Gamera Games,Gamera Games,Action RPG
Discounty,PC,2025-08-21,79.0,7.0,Crinkle Cut Games,PQube,Virtual Career
EA Sports FC 26,PlayStation 5,2025-09-26,79.0,3.3,EA Canada,Electronic Arts,Soccer Sim
EA Sports FC 26,Xbox One,2025-09-26,78.0,1.3,EA Canada,Electronic Arts,Soccer Sim
EA Sports FC 26,PlayStation 4,2025-09-26,79.0,4.8,EA Canada,Electronic Arts,Soccer Sim
Rift of the NecroDancer,PC,2025-02-05,79.0,8.0,Brace Yourself Games,Brace Yourself Games,Rhythm
Everhood 2,Nintendo Switch,2025-03-04,78.0,8.3,Foreign Gnomes,Foreign Gnomes,RPG
Everhood 2,PC,2025-03-04,79.0,8.1,Foreign Gnomes,Foreign Gnomes,RPG
Like a Dragon: Pirate Yakuza in Hawaii,PlayStation 5,2025-02-21,79.0,8.0,Ryu ga Gotoku Studios,Sega,Action Adventure
Like a Dragon: Pirate Yakuza in Hawaii,Xbox Series X,2025-02-21,87.0,6.0,Ryu ga Gotoku Studios,Sega,Action Adventure
Like a Dragon: Pirate Yakuza in Hawaii,PC,2025-02-21,81.0,6.4,Ryu ga Gotoku Studios,Sega,Action Adventure
Lunar Remastered Collection,PlayStation 4,2025-04-18,79.0,7.3,GungHo,GungHo|Clear River Games|Clouded Leopard Entertainment,Compilation
Is This Seat Taken?,PC,2025-08-07,79.0,8.7,Poti poti studio,Wholesome Games Presents,Puzzle
Is This Seat Taken?,Nintendo Switch,2025-08-07,84.0,9.2,Poti poti studio,Wholesome Games Presents,Puzzle
Skin Deep,PC,2025-04-30,79.0,4.8,Blendo Games,Annapurna Interactive,FPS
Broken Arrow,PC,2025-06-19,79.0,7.2,Steel Balalaika,Slitherine,Real-Time Tactics
Dying Light: The Beast,PC,2025-09-18,79.0,8.4,Techland,Techland,Survival
Dying Light: The Beast,Xbox Series X,2025-09-18,74.0,8.9,Techland,Techland,Survival
Dying Light: The Beast,PlayStation 5,2025-09-18,78.0,8.5,Techland,Techland,Survival
No Sleep for Kaname Date - From AI: The Somnium Files,Nintendo Switch,2025-07-25,79.0,5.6,Spike Chunsoft,Spike Chunsoft,Action Adventure
LEGO Voyagers,PlayStation 4,2025-09-15,79.0,7.7,Light Brick,Annapurna Interactive,Action Adventure
Sid Meier's Civilization VII,PC,2025-02-11,79.0,3.7,Firaxis Games,2K Games,4X Strategy
Sid Meier's Civilization VII,PlayStation 5,2025-02-11,78.0,2.9,Firaxis Games,2K Games,4X Strategy
Sid Meier's Civilization VII,Xbox Series X,2025-02-11,76.0,4.1,Firaxis Games,2K Games,4X Strategy
Luto,PlayStation 5,2025-07-22,79.0,7.2,Broken Bird Games,Selecta Play,First-Person Adventure
Luto,PC,2025-07-22,83.0,7.5,Broken Bird Games,Selecta Play,First-Person Adventure
The First Berserker: Khazan,PC,2025-03-27,83.0,8.3,Neople,Nexon|Sega,Action RPG
The First Berserker: Khazan,Xbox Series X,2025-03-27,80.0,9.4,Neople,Nexon|Sega,Action RPG
The First Berserker: Khazan,PlayStation 5,2025-03-27,78.0,7.8,Neople,Nexon|Sega,Action RPG
Ys Memoire: The Oath in Felghana,Nintendo Switch,2025-01-07,79.0,7.3,Falcom,Marvelous Inc.|XSEED Games|Falcom,Action RPG
Ys Memoire: The Oath in Felghana,PlayStation 5,2025-01-07,78.0,6.0,Falcom,Marvelous Inc.|XSEED Games|Falcom,Action RPG
"Please, Touch The Artwork 2",PC,2025-05-23,87.0,8.3,Studio Waterzooi,Studio Waterzooi,Point-and-Click
Chained Echoes: Ashes of Elrant,PlayStation 5,2025-08-07,78.0,7.3,Umami Tiger,DECK13 Spotlight,JRPG
Dune: Awakening,PC,2025-06-10,78.0,6.1,Funcom,Funcom,Open-World Action
Chronicles of the Wolf,PC,2025-06-19,74.0,6.5,Migami Games,PQube|Pixelheart,Metroidvania
Chronicles of the Wolf,PlayStation 5,2025-06-19,78.0,6.7,Migami Games,PQube|Pixelheart,Metroidvania
Days Gone Remastered,PlayStation 5,2025-04-25,78.0,8.8,Sony Bend,Sony Interactive Entertainment,Open-World Action
Digimon Story Time Stranger,PlayStation 5,2025-10-03,78.0,9.3,Media.Vision,Bandai Namco Games,Trainer RPG
Digimon Story Time Stranger,Xbox Series X,2025-10-03,79.0,9.5,Media.Vision,Bandai Namco Games,Trainer RPG
MotoGP 25,PlayStation 5,2025-04-30,78.0,5.5,Milestone S.r.l,Milestone S.r.l,Auto Racing Sim
Slime Rancher 2,Xbox Series X,2025-09-23,78.0,6.7,Monomi Park,Monomi Park,Virtual Life
Eriksholm: The Stolen Dream,PlayStation 5,2025-07-15,84.0,7.5,River End Games,Nordcurrent,Linear Action Adventure
Eriksholm: The Stolen Dream,PC,2025-07-15,78.0,8.2,River End Games,Nordcurrent,Linear Action Adventure
Microsoft Flight Simulator 2024,Xbox Series X,2024-11-19,68.0,5.1,Asobo Studio,Xbox Game Studios,Aircraft Sim
Microsoft Flight Simulator 2024,PC,2024-11-19,78.0,4.7,Asobo Studio,Xbox Game Studios,Aircraft Sim
Kamikaze Lassplanes,Nintendo Switch,2025-03-07,78.0,7.1,Inky Dreams,Crunching Koalas|Beep,Horizontal Shoot-'Em-Up
Baby Steps,PlayStation 5,2025-09-23,75.0,6.0,Bennett Foddy,Devolver Digital,3D Platformer
Baby Steps,PC,2025-09-23,78.0,5.1,Bennett Foddy,Devolver Digital,3D Platformer
RoadCraft,PlayStation 5,2025-05-20,78.0,7.4,Saber Interactive,Focus Entertainment,Vehicle Sim
RoadCraft,PC,2025-05-20,78.0,8.0,Saber Interactive,Focus Entertainment,Vehicle Sim
Date Everything!,PlayStation 5,2025-06-17,74.0,7.8,Sassy Chap Games,Team17,First-Person Adventure
Date Everything!,PC,2025-06-17,78.0,6.6,Sassy Chap Games,Team17,First-Person Adventure
Loco Motive,PC,2024-11-21,77.0,6.6,Robust Games,Chucklefish,Point-and-Click
The Midnight Walk,PlayStation 5,2025-05-08,77.0,8.4,MoonHood Studios,Fast Travel Games,Action Adventure
The Midnight Walk,PC,2025-05-08,79.0,8.2,MoonHood Studios,Fast Travel Games,Action Adventure
Donkey Kong Country Returns HD,Nintendo Switch,2025-01-16,77.0,7.1,Forever Entertainment,Nintendo,2D Platformer
Elden Ring Nightreign,PlayStation 5,2025-05-30,77.0,6.7,From Software,Bandai Namco Games|From Software,Action RPG
Elden Ring Nightreign,Xbox Series X,2025-05-30,84.0,5.8,From Software,Bandai Namco Games|From Software,Action RPG
Elden Ring Nightreign,PC,2025-05-30,80.0,6.4,From Software,Bandai Namco Games|From Software,Action RPG
Promise Mascot Agency,PC,2025-04-10,77.0,7.8,Kaizen Game Works,Kaizen Game Works,Open-World Action
Mandragora: Whispers of the Witch Tree,PC,2025-04-17,73.0,7.9,Primal Game Studio,MY.GAMES|Knights Peak|Beep Japan,Metroidvania
Mandragora: Whispers of the Witch Tree,PlayStation 5,2025-04-17,77.0,6.7,Primal Game Studio,MY.GAMES|Knights Peak|Beep Japan,Metroidvania
Tails of Iron 2: Whiskers of Winter,PC,2025-01-28,77.0,7.3,Odd Bug Studio,United Label|CI Games,Action RPG
Tails of Iron 2: Whiskers of Winter,PlayStation 5,2025-01-28,77.0,8.2,Odd Bug Studio,United Label|CI Games,Action RPG
Madden NFL 26,PlayStation 5,2025-08-14,77.0,3.9,EA Tiburon,Electronic Arts,Football Sim
Madden NFL 26,PC,2025-08-14,80.0,1.9,EA Tiburon,Electronic Arts,Football Sim
Madden NFL 26,Xbox Series X,2025-08-14,77.0,3.2,EA Tiburon,Electronic Arts,Football Sim
Blade Chimera,Nintendo Switch,2025-01-15,83.0,7.6,Team Ladybug,Playism,Metroidvania
Blade Chimera,PC,2025-01-15,77.0,5.8,Team Ladybug,Playism,Metroidvania
Hell is Us,PC,2025-09-04,78.0,7.5,Rogue Factor,Nacon|3goo,Action Adventure
Hell is Us,PlayStation 5,2025-09-04,77.0,8.1,Rogue Factor,Nacon|3goo,Action Adventure
Hell is Us,Xbox Series X,2025-09-04,78.0,9.8,Rogue Factor,Nacon|3goo,Action Adventure
Legacy of Kain: Soul Reaver 1 & 2 Remastered,PlayStation 5,2024-12-10,77.0,7.4,Aspyr,Aspyr|U&I Entertainment,Compilation
Legacy of Kain: Soul Reaver 1 & 2 Remastered,PlayStation 4,2024-12-10,76.0,8.5,Aspyr,Aspyr|U&I Entertainment,Compilation
Legacy of Kain: Soul Reaver 1 & 2 Remastered,Xbox One,2024-12-10,76.0,7.8,Aspyr,Aspyr|U&I Entertainment,Compilation
KARMA: The Dark World,PC,2025-03-27,77.0,7.8,POLLARD STUDIO LLC,Wired Productions,First-Person Adventure
KARMA: The Dark World,PlayStation 5,2025-03-27,72.0,7.9,POLLARD STUDIO LLC,Wired Productions,First-Person Adventure
Cronos: The New Dawn,PC,2025-09-05,76.0,8.0,Bloober Team,Bloober Team,Survival
Cronos: The New Dawn,PlayStation 5,2025-09-05,77.0,8.3,Bloober Team,Bloober Team,Survival
Cronos: The New Dawn,Xbox Series X,2025-09-05,80.0,9.5,Bloober Team,Bloober Team,Survival
Cronos: The New Dawn,Nintendo Switch 2,2025-09-05,76.0,9.2,Bloober Team,Bloober Team,Survival
South of Midnight,Xbox Series X,2025-04-08,77.0,6.7,Compulsion Games,Xbox Game Studios,Action Adventure
South of Midnight,PC,2025-04-08,75.0,6.2,Compulsion Games,Xbox Game Studios,Action Adventure
Hitman: World of Assassination - Signature Edition,Nintendo Switch 2,2025-06-05,77.0,4.9,Io Interactive,"Io Interactive|H2 Interactive Co., Ltd.",Compilation
Ballionaire,PC,2024-12-10,76.0,6.8,newobject,Raw Fury,Strategy
Reignbreaker,PC,2025-03-18,76.0,6.4,Studio Fizbin,Thunderful,Action RPG
"Dear me, I was...",Nintendo Switch 2,2025-07-31,76.0,6.7,Arc System Works,Arc System Works,Adventure
Patapon 1 + 2 Replay,Nintendo Switch,2025-07-11,76.0,7.4,SAS CO.|LTD.,Bandai Namco Games,Compilation
The Legend of Heroes: Trails through Daybreak II,PlayStation 5,2025-02-14,76.0,5.7,Falcom,NIS America|Falcom,JRPG
The Legend of Heroes: Trails through Daybreak II,PlayStation 4,2025-02-14,78.0,6.9,Falcom,NIS America|Falcom,JRPG
The Legend of Heroes: Trails through Daybreak II,PC,2025-02-14,69.0,7.3,Falcom,NIS America|Falcom,JRPG
RAIDOU Remastered: The Mystery of the Soulless Army,PlayStation 5,2025-06-19,76.0,8.3,Atlus,Sega|Atlus,Action RPG
RAIDOU Remastered: The Mystery of the Soulless Army,Nintendo Switch 2,2025-06-19,76.0,9.0,Atlus,Sega|Atlus,Action RPG
Revenge of the Savage Planet,PC,2025-05-08,76.0,6.7,Raccoon Logic,Raccoon Logic,Open-World Action
Revenge of the Savage Planet,Xbox Series X,2025-05-08,79.0,8.3,Raccoon Logic,Raccoon Logic,Open-World Action
Demon Slayer: Kimetsu no Yaiba - The Hinokami Chronicles 2,PlayStation 5,2025-08-05,76.0,7.3,CyberConnect2,Sega|Aniplex Inc.,3D Fighting
Demon Slayer: Kimetsu no Yaiba - The Hinokami Chronicles 2,Xbox One,2025-08-05,74.0,7.3,CyberConnect2,Sega|Aniplex Inc.,3D Fighting
"Warhammer 40,000: Dawn of War - Definitive Edition",PC,2025-08-14,76.0,6.5,Relic Entertainment,Relic Entertainment,Real-Time Strategy
Super Mario Party Jamboree: Nintendo Switch 2 Edition + Jamboree TV,Nintendo Switch 2,2025-07-24,76.0,5.3,Nintendo,Nintendo,Party
Dead Take,PC,2025-07-31,76.0,8.5,Surgent Studios,Pocketpair Publishing,First-Person Adventure
Rematch,PC,2025-06-19,75.0,6.3,Sloclap,Sloclap|Kepler Interactive,Soccer
Rematch,PlayStation 5,2025-06-19,73.0,5.9,Sloclap,Sloclap|Kepler Interactive,Soccer
Rematch,Xbox Series X,2025-06-19,75.0,6.1,Sloclap,Sloclap|Kepler Interactive,Soccer
Wild Hearts S,Nintendo Switch 2,2025-07-25,75.0,7.3,Omega Force,Koei Tecmo Games,Action RPG
Farming Simulator 25,PC,2024-11-12,75.0,5.0,Giants Software,Giants Software,Virtual Career
Farming Simulator 25,PlayStation 5,2024-11-12,64.0,4.7,Giants Software,Giants Software,Virtual Career
Farming Simulator 25,Xbox Series X,2024-11-12,70.0,4.7,Giants Software,Giants Software,Virtual Career
Atelier Resleriana: The Red Alchemist & the White Guardian,PlayStation 5,2025-09-26,75.0,8.9,Gust,Koei Tecmo Games,JRPG
Onimusha 2: Samurai's Destiny Remaster,PlayStation 4,2025-05-23,75.0,4.1,Capcom,Capcom,Action Adventure
Onimusha 2: Samurai's Destiny Remaster,Nintendo Switch,2025-05-23,81.0,5.0,Capcom,Capcom,Action Adventure
"No, I'm not a Human",PC,2025-09-15,75.0,6.3,Trioskaz,Critical Reflex,First-Person Adventure
Urban Myth Dissolution Center,PC,2025-02-12,75.0,6.1,Hakababunko,Shueisha Games,Adventure
Sniper Elite: Resistance,PC,2025-01-30,70.0,4.7,Rebellion,Fireshine Games|Game Source Entertainment,Third Person Shooter
Sniper Elite: Resistance,PlayStation 4,2025-01-30,75.0,5.4,Rebellion,Fireshine Games|Game Source Entertainment,Third Person Shooter
Sniper Elite: Resistance,PlayStation 5,2025-01-30,72.0,5.3,Rebellion,Fireshine Games|Game Source Entertainment,Third Person Shooter
Everdeep Aurora,PC,2025-07-10,75.0,8.0,Nautilus Games,Ysbryd Games,Metroidvania
Pac-Man World 2: Re-PAC,PlayStation 4,2025-09-26,75.0,8.2,Now Production Co.|Ltd.,Bandai Namco Games,3D Platformer
Gal Guardians: Servants of the Dark,Xbox Series X,2025-03-27,75.0,7.1,Inti Creates,Inti Creates,Metroidvania
Virtua Fighter 5 R.E.V.O.,PC,2025-01-28,75.0,7.8,Ryu ga Gotoku Studios,Sega,3D Fighting
Lost Records: Bloom & Rage Tape 1,PC,2025-02-18,84.0,7.5,DONTNOD Entertainment,DONTNOD Entertainment,Third-Person Adventure
Lost Records: Bloom & Rage Tape 1,PlayStation 5,2025-02-18,75.0,6.6,DONTNOD Entertainment,DONTNOD Entertainment,Third-Person Adventure
Lost Records: Bloom & Rage Tape 1,Xbox Series X,2025-02-18,81.0,7.9,DONTNOD Entertainment,DONTNOD Entertainment,Third-Person Adventure
FragPunk,PC,2025-03-06,74.0,5.8,Bad Guitar Studio,Bad Guitar Studio,Tactical FPS
Super Robot Wars Y,PlayStation 5,2025-08-28,74.0,6.2,Bandai Namco Forge Digital,Bandai Namco Games,Turn-Based Tactics
Alien: Rogue Incursion,PC,2024-12-19,78.0,5.9,Survios,Survios,Survival
Alien: Rogue Incursion,PlayStation 5,2024-12-19,74.0,7.6,Survios,Survios,Survival
Afterlove EP,PC,2025-02-14,74.0,5.0,Pikselnesia,Fellow Traveller,Adventure
WUCHANG: Fallen Feathers,PC,2025-07-24,77.0,6.7,Leenzee Games,505 Games,Action RPG
WUCHANG: Fallen Feathers,Xbox Series X,2025-07-24,81.0,7.1,Leenzee Games,505 Games,Action RPG
WUCHANG: Fallen Feathers,PlayStation 5,2025-07-24,74.0,6.8,Leenzee Games,505 Games,Action RPG
NHL 26,PlayStation 5,2025-09-12,74.0,3.9,EA Vancouver,Electronic Arts,Hockey Sim
NHL 26,Xbox Series X,2025-09-12,69.0,4.3,EA Vancouver,Electronic Arts,Hockey Sim
Mafia: The Old Country,PlayStation 5,2025-08-08,72.0,8.2,Hangar 13,2K Games,Linear Action Adventure
Mafia: The Old Country,Xbox Series X,2025-08-08,73.0,7.7,Hangar 13,2K Games,Linear Action Adventure
Mafia: The Old Country,PC,2025-08-08,74.0,7.8,Hangar 13,2K Games,Linear Action Adventure
Ruffy and the Riverside,PlayStation 5,2025-06-26,74.0,6.8,Zockrates Laboratories,"Phiphen Games|Limited Run Games|H2 Interactive Co., Ltd.",Open-World Action
Shantae Advance: Risky Revolution,Game Boy Advance,2025-08-19,74.0,7.1,WayForward,WayForward|Limited Run Games,2D Platformer
Age of Darkness: Final Stand,PC,2025-01-15,74.0,6.9,PlaySide Studios,PlaySide Studios,Real-Time Strategy
The Sims 4: Enchanted by Nature,PC,2025-07-10,74.0,1.6,Maxis,Electronic Arts,Virtual Life
Lost Records: Bloom & Rage,Xbox Series X,2025-02-18,81.0,6.4,DONTNOD Entertainment,DONTNOD Entertainment|Maximum Entertainment,Third-Person Adventure
Lost Records: Bloom & Rage,PlayStation 5,2025-02-18,74.0,6.7,DONTNOD Entertainment,DONTNOD Entertainment|Maximum Entertainment,Third-Person Adventure
Lost Records: Bloom & Rage,PC,2025-02-18,73.0,7.3,DONTNOD Entertainment,DONTNOD Entertainment|Maximum Entertainment,Third-Person Adventure
Artis Impact,PC,2025-08-07,74.0,6.1,MAS,MAS,JRPG
Atomfall,PC,2025-03-27,72.0,6.3,Rebellion,Rebellion|Fireshine Games|Game Source Entertainment,Open-World Action
Atomfall,Xbox Series X,2025-03-27,73.0,6.9,Rebellion,Rebellion|Fireshine Games|Game Source Entertainment,Open-World Action
Atomfall,PlayStation 5,2025-03-27,74.0,6.6,Rebellion,Rebellion|Fireshine Games|Game Source Entertainment,Open-World Action
Marvel Rivals,PC,2024-12-06,74.0,7.0,NetEase Games,NetEase Games,Tactical Third Person Shooter
Marvel Rivals,PlayStation 5,2024-12-06,78.0,6.2,NetEase Games,NetEase Games,Tactical Third Person Shooter
Marvel Rivals,Xbox Series X,2024-12-06,75.0,7.5,NetEase Games,NetEase Games,Tactical Third Person Shooter
The Stone of Madness,PC,2025-01-28,73.0,7.0,The Game Kitchen,Tripwire Presents|Tripwire Interactive,Real-Time Tactics
S.T.A.L.K.E.R. 2: Heart of Chornobyl,PC,2024-11-20,73.0,7.6,GSC Game World,GSC Game World,FPS
S.T.A.L.K.E.R. 2: Heart of Chornobyl,Xbox Series X,2024-11-20,73.0,7.4,GSC Game World,GSC Game World,FPS
On Your Tail,PC,2024-12-16,73.0,5.4,Memorable Games,Humble Games,Third-Person Adventure
Metal Eden,PC,2025-09-02,72.0,7.6,Reikon Games,Deep Silver,FPS
Metal Eden,PlayStation 5,2025-09-02,73.0,8.1,Reikon Games,Deep Silver,FPS
Teenage Mutant Ninja Turtles: Tactical Takedown,PC,2025-05-22,73.0,4.3,Strange Scaffold,Strange Scaffold,Turn-Based Tactics
Towa and the Guardians of the Sacred Tree,PlayStation 5,2025-09-19,73.0,9.3,Brownies,Bandai Namco Games,Action RPG
Fretless - The Wrath of Riffson,PC,2025-07-17,73.0,6.2,Ritual Studios,Playdigious,JRPG
Puyo Puyo Tetris 2S,Nintendo Switch 2,2025-06-05,73.0,6.0,Sega,Sega,Matching Puzzle
Freedom Wars Remastered,PlayStation 5,2025-01-10,73.0,6.0,Dimps Corporation,Bandai Namco Games,Action RPG
to a T,PC,2025-05-28,73.0,5.1,uvula,Annapurna Interactive,Third-Person Adventure
Kingdom Come: Deliverance II - Brushes with Death,PC,2025-05-15,72.0,6.1,Warhorse Studios,Deep Silver,Action RPG
Commandos: Origins,PC,2025-04-09,72.0,6.8,Claymore Game Studios,Kalypso,Real-Time Tactics
Everybody's Golf Hot Shots,PlayStation 5,2025-09-05,72.0,7.0,Hyde,Bandai Namco Games,Golf
MySims: Cozy Bundle,Nintendo Switch,2024-11-19,72.0,7.4,Maxis,Electronic Arts,Compilation
Bleach Rebirth of Souls,PlayStation 5,2025-03-21,72.0,8.1,Tamsoft,Bandai Namco Games,3D Fighting
Bleach Rebirth of Souls,Xbox Series X,2025-03-21,69.0,8.7,Tamsoft,Bandai Namco Games,3D Fighting
Bleach Rebirth of Souls,PC,2025-03-21,76.0,8.7,Tamsoft,Bandai Namco Games,3D Fighting
Persona 5: The Phantom X,iOS (iPhone/iPad),2025-06-25,71.0,6.9,Atlus,Sega|Atlus,JRPG
Persona 5: The Phantom X,PC,2025-06-25,72.0,6.5,Atlus,Sega|Atlus,JRPG
RoboCop: Rogue City - Unfinished Business,PlayStation 5,2025-07-17,71.0,7.4,Teyon,Nacon|3goo,FPS
RoboCop: Rogue City - Unfinished Business,PC,2025-07-17,74.0,8.0,Teyon,Nacon|3goo,FPS
Wildgate,PlayStation 5,2025-07-22,78.0,8.8,Moonshot Games,Dreamhaven,Tactical FPS
Wildgate,PC,2025-07-22,71.0,7.1,Moonshot Games,Dreamhaven,Tactical FPS
Wheel World,PC,2025-07-23,71.0,5.9,Messhof,Annapurna Interactive,Open-World Action
Labyrinth Of The Demon King,PlayStation 5,2025-05-13,71.0,8.2,J.R. Hudepohl,Top Hat Studios Inc,Survival
Assassin's Creed Shadows: Claws of Awaji,PC,2025-09-16,71.0,4.8,Ubisoft Bordeaux,Ubisoft,Open-World Action
Assassin's Creed Shadows: Claws of Awaji,PlayStation 5,2025-09-16,70.0,7.2,Ubisoft Bordeaux,Ubisoft,Open-World Action
The Knightling,PlayStation 5,2025-08-28,71.0,8.9,Twirlbound,Saber Interactive,Open-World Action
The Knightling,PC,2025-08-28,80.0,9.8,Twirlbound,Saber Interactive,Open-World Action
Indiana Jones and the Great Circle: The Order of Giants,PlayStation 5,2025-09-04,74.0,7.5,MachineGames,Bethesda Softworks,Action Adventure
Indiana Jones and the Great Circle: The Order of Giants,PC,2025-09-04,71.0,6.7,MachineGames,Bethesda Softworks,Action Adventure
Indiana Jones and the Great Circle: The Order of Giants,Xbox Series X,2025-09-04,72.0,7.6,MachineGames,Bethesda Softworks,Action Adventure
Blades of Fire,PC,2025-05-22,72.0,7.7,Mercury Steam,505 Games,Action RPG
Blades of Fire,PlayStation 5,2025-05-22,71.0,8.0,Mercury Steam,505 Games,Action RPG
Blades of Fire,Xbox Series X,2025-05-22,73.0,8.8,Mercury Steam,505 Games,Action RPG
Monster Energy Supercross 25 - The Official Video Game,PlayStation 5,2025-04-10,71.0,7.6,Milestone S.r.l,Milestone S.r.l,Racing Sim
LEGO Horizon Adventures,PlayStation 5,2024-11-14,70.0,5.9,Studio Gobo,Sony Interactive Entertainment,Action Adventure
LEGO Horizon Adventures,Nintendo Switch,2024-11-14,64.0,6.0,Studio Gobo,Sony Interactive Entertainment,Action Adventure
LEGO Horizon Adventures,PC,2024-11-14,66.0,4.0,Studio Gobo,Sony Interactive Entertainment,Action Adventure
Alien: Rogue Incursion Evolved Edition,PlayStation 5,2025-09-30,70.0,5.4,Survios,Survios,Survival
Tomb Raider IV-VI Remastered,PlayStation 5,2025-02-14,65.0,9.4,Aspyr,Aspyr,Compilation
Tomb Raider IV-VI Remastered,Xbox Series X,2025-02-14,62.0,8.0,Aspyr,Aspyr,Compilation
Tomb Raider IV-VI Remastered,PC,2025-02-14,70.0,8.0,Aspyr,Aspyr,Compilation
Fitness Boxing 3: Your Personal Trainer,Nintendo Switch,2024-12-05,70.0,7.8,syn Sophia,"Nintendo|Imagineer Co.,Ltd.",Exercise
Mighty Morphin Power Rangers: Rita's Rewind,PC,2024-12-10,75.0,7.2,Digital Eclipse,Digital Eclipse|Atari,2D Beat-'Em-Up
Mighty Morphin Power Rangers: Rita's Rewind,PlayStation 5,2024-12-10,70.0,6.3,Digital Eclipse,Digital Eclipse|Atari,2D Beat-'Em-Up
Mighty Morphin Power Rangers: Rita's Rewind,Nintendo Switch,2024-12-10,75.0,6.4,Digital Eclipse,Digital Eclipse|Atari,2D Beat-'Em-Up
Rusty Rabbit,PlayStation 5,2025-04-17,70.0,4.3,Nitro+,NetEase Games,Action Adventure
Gex Trilogy,PlayStation 5,2025-06-16,70.0,8.5,Limited Run Games,Limited Run Games,Compilation
Space Adventure Cobra: The Awakening,PlayStation 5,2025-08-26,70.0,6.1,Magic Pockets,Microids,2D Platformer
TRON: Catalyst,PC,2025-06-17,69.0,3.3,Bithell Games,Big Fan Games,Action Adventure
Ra Ra BOOM,PC,2025-08-12,69.0,3.8,Gylee Games,Gylee Games,2D Beat-'Em-Up
Eternal Strands,PC,2025-01-28,76.0,6.1,Yellow Brick Games,Yellow Brick Games,Action Adventure
Eternal Strands,PlayStation 5,2025-01-28,69.0,6.5,Yellow Brick Games,Yellow Brick Games,Action Adventure
Eternal Strands,Xbox Series X,2025-01-28,76.0,6.4,Yellow Brick Games,Yellow Brick Games,Action Adventure
Orcs Must Die! Deathtrap,PC,2025-01-28,69.0,5.4,Robot Entertainment,Robot Entertainment,Defense
YOUR HOUSE,PC,2025-03-27,69.0,6.6,PATRONES & ESCONDITES,PATRONES & ESCONDITES,Adventure
"Warhammer 40,000: Space Marine - Master Crafted Edition",PC,2025-06-10,69.0,6.3,SneakyBox,Sega|Sega Europe,Third Person Shooter
"Warhammer 40,000: Space Marine - Master Crafted Edition",Xbox Series X,2025-06-10,68.0,5.6,SneakyBox,Sega|Sega Europe,Third Person Shooter
SHUTEN ORDER,Nintendo Switch,2025-09-05,69.0,9.5,Neilo,Spike Chunsoft|DMM GAMES,Action Adventure
Heartworm,PC,2025-07-31,69.0,5.0,Vincent Adinolfi,DreadXP,Survival
Daemon X Machina: Titanic Scion,PC,2025-09-05,79.0,8.2,Marvelous First Studio,Marvelous Inc.|Marvelous Europe,Vehicle Combat Sim
Daemon X Machina: Titanic Scion,Nintendo Switch 2,2025-09-05,69.0,5.8,Marvelous First Studio,Marvelous Inc.|Marvelous Europe,Vehicle Combat Sim
Daemon X Machina: Titanic Scion,PlayStation 5,2025-09-05,65.0,5.4,Marvelous First Studio,Marvelous Inc.|Marvelous Europe,Vehicle Combat Sim
Deliver At All Costs,PC,2025-05-22,65.0,6.7,Far Out Games,Konami,Open-World Action
Deliver At All Costs,PlayStation 5,2025-05-22,69.0,7.0,Far Out Games,Konami,Open-World Action
Croc: Legend of the Gobbos Remastered,PlayStation 5,2025-04-02,69.0,7.1,Argonaut Games,Argonaut Games|Rock It Games,3D Platformer
Lost Records: Bloom & Rage Tape 2,PlayStation 5,2025-04-15,69.0,6.8,DONTNOD Entertainment,DONTNOD Entertainment,Third-Person Adventure
Lost Records: Bloom & Rage Tape 2,Xbox Series X,2025-04-15,79.0,7.8,DONTNOD Entertainment,DONTNOD Entertainment,Third-Person Adventure
Chains of Freedom,PC,2025-04-15,68.0,7.6,Nordcurrent,Nordcurrent,Turn-Based Tactics
Henry Halfhead,PlayStation 5,2025-09-16,68.0,5.8,LuLuLu Entertainment,LuLuLu Entertainment,Third-Person Adventure
Killing Floor 3,PlayStation 5,2025-07-24,68.0,6.7,Tripwire Interactive,Tripwire Interactive|PLAION,FPS
Killing Floor 3,PC,2025-07-24,67.0,5.6,Tripwire Interactive,Tripwire Interactive|PLAION,FPS
Dungeons & Dragons Neverwinter Nights 2: Enhanced Edition,PC,2025-07-15,68.0,4.9,Aspyr,Aspyr,Western RPG
Mecha BREAK,PC,2025-07-01,68.0,5.8,Amazing Seasun Games,Amazing Seasun Games,Vehicle Combat Sim
Shadow Labyrinth,PlayStation 5,2025-07-18,68.0,7.4,Bandai Namco Games,Bandai Namco Games,Metroidvania
INAYAH: Life After Gods,PC,2025-03-27,68.0,2.5,ExoGenesis Studios,Headup Games,Metroidvania
Yu-Gi-Oh! Early Days Collection,Nintendo Switch,2025-02-27,68.0,8.3,Digital Eclipse,Konami,Compilation
Dead Reset,PC,2025-09-11,68.0,7.8,Dark Rift Horror,Wales Interactive,Adventure
Warriors: Abyss,PlayStation 5,2025-02-12,68.0,7.6,Omega Force,Koei Tecmo Games,3D Beat-'Em-Up
Spirit of the North 2,PC,2025-05-08,70.0,8.9,Infuse Studio,Silver Lining Interactive|Soft Source Pte Ltd,Third-Person Adventure
Spirit of the North 2,PlayStation 5,2025-05-08,68.0,7.6,Infuse Studio,Silver Lining Interactive|Soft Source Pte Ltd,Third-Person Adventure
JDM: Japanese Drift Master,PC,2025-05-21,68.0,6.6,Gaming Factory S.A.,Gaming Factory S.A.,Auto Racing
Carmen Sandiego,PlayStation 5,2025-03-04,68.0,5.8,Gameloft,Gameloft|Maximum Entertainment,Action Adventure
Fairy Tail 2,PlayStation 5,2024-12-13,68.0,7.1,Gust,Koei Tecmo Games,RPG
The Thing: Remastered,PC,2024-12-05,67.0,7.1,Nightdive Studios,Nightdive Studios,Survival
Formula Legends,Xbox One,2025-09-18,67.0,7.1,3DClouds,3DClouds,Auto Racing
Formula Legends,PlayStation 5,2025-09-18,72.0,6.9,3DClouds,3DClouds,Auto Racing
Rooftops & Alleys: The Parkour Game,PC,2025-06-17,67.0,6.4,ML MEDIA,ShineResearch|Microids,3D Platformer
Mobile Suit Gundam Seed Battle Destiny Remastered,Nintendo Switch,2025-05-22,67.0,6.8,Bandai Namco Games,Bandai Namco Games,Vehicle Combat Sim
AI LIMIT,PlayStation 5,2025-03-27,67.0,7.5,Sense Games,CE-Asia Hong Kong Limited,Action RPG
AI LIMIT,PC,2025-03-27,75.0,6.8,Sense Games,CE-Asia Hong Kong Limited,Action RPG
Star Overdrive,Nintendo Switch,2025-04-10,66.0,8.2,Caracal Games,Plug In Digital|3goo,Open-World Action
Agatha Christie - Death on the Nile,PlayStation 5,2025-09-25,74.0,5.3,Microids Studio Lyon,Microids,Third-Person Adventure
Agatha Christie - Death on the Nile,PC,2025-09-25,66.0,5.6,Microids Studio Lyon,Microids,Third-Person Adventure
Once Upon A Puppet,PlayStation 5,2025-04-23,66.0,6.8,Flatter Than Earth,Daedalic Entertainment,Linear Action Adventure
The Precinct,PC,2025-05-13,66.0,6.1,Fallen Tree Games,Kwalee Ltd|Microids,Open-World Action
The Precinct,PlayStation 5,2025-05-13,66.0,6.9,Fallen Tree Games,Kwalee Ltd|Microids,Open-World Action
Front Mission 3 Remake,Nintendo Switch,2025-06-26,66.0,6.0,MegaPixel Studio,Forever Entertainment,Turn-Based Tactics
VED,PC,2024-11-14,66.0,2.5,Karaclan,Fulqrum Publishing,RPG
Forever Skies,PC,2025-04-14,66.0,7.3,Far from Home,Far from Home,Survival
Echoes of the End,PC,2025-08-12,66.0,6.7,Myrkur Games,Deep Silver,Action Adventure
Echoes of the End,Xbox Series X,2025-08-12,67.0,2.5,Myrkur Games,Deep Silver,Action Adventure
Echoes of the End,PlayStation 5,2025-08-12,66.0,7.3,Myrkur Games,Deep Silver,Action Adventure
Donkey Kong Bananza: DK Island & Emerald Rush,Nintendo Switch 2,2025-09-12,66.0,4.4,Nintendo,Nintendo,3D Platformer
Empyreal,PC,2025-05-08,65.0,8.3,Silent Games,Secret Mode,Action RPG
Moroi,PC,2025-04-30,65.0,5.8,Violet Saint,Good Shepherd Entertainment,Action Adventure
SYNDUALITY: Echo of Ada,PC,2025-01-23,60.0,6.8,Game Studio Inc.,Bandai Namco Games,Third Person Shooter
SYNDUALITY: Echo of Ada,PlayStation 5,2025-01-23,65.0,4.0,Game Studio Inc.,Bandai Namco Games,Third Person Shooter
Steel Seed,PlayStation 5,2025-04-22,71.0,8.2,Storm in a Teacup,ESDigital Games,Action Adventure
Steel Seed,PC,2025-04-22,65.0,7.2,Storm in a Teacup,ESDigital Games,Action Adventure
MACROSS -Shooting Insight-,PC,2025-02-07,64.0,5.7,Kaminari Games,Red Art Games|BushiRoad|Game Source Entertainment,Horizontal Shoot-'Em-Up
Finding Frankie,PlayStation 5,2025-04-15,64.0,7.0,SUPERLOU,Perp Games,Action Adventure
VARLET,PC,2025-08-27,64.0,8.4,Aquria,FuRyu,JRPG
FBC: Firebreak,PC,2025-06-17,64.0,5.2,Remedy Entertainment,Remedy Entertainment,FPS
FBC: Firebreak,PlayStation 5,2025-06-17,65.0,5.2,Remedy Entertainment,Remedy Entertainment,FPS
FBC: Firebreak,Xbox Series X,2025-06-17,66.0,5.8,Remedy Entertainment,Remedy Entertainment,FPS
Post Trauma,PC,2025-04-22,64.0,6.0,Red Soul Games,Raw Fury,Survival
Destiny 2: The Edge of Fate,PlayStation 5,2025-07-15,63.0,3.7,Bungie,Bungie,FPS
Destiny 2: The Edge of Fate,PC,2025-07-15,60.0,4.4,Bungie,Bungie,FPS
EDENS ZERO,PlayStation 5,2025-07-15,63.0,6.9,Konami,Konami,Action RPG
Mythwrecked: Ambrosia Island,PC,2024-12-05,63.0,5.5,Polygon Treehouse,Whitethorn Digital,Third-Person Adventure
Once Alive,PC,2024-11-18,63.0,6.9,Cem Boray,GameDev.ist,First-Person Adventure
Yasha: Legends of the Demon Blade,PC,2025-05-15,62.0,3.3,7QUARK,7QUARK,Action RPG
Survival Kids,Nintendo Switch 2,2025-06-05,62.0,6.2,Unity 3D,Konami,Survival
Lost Soul Aside,PlayStation 5,2025-08-29,62.0,5.9,UltiZeroGames,PlayStation Studios|Sony Interactive Entertainment,Action RPG
Lost Soul Aside,PC,2025-08-29,55.0,5.2,UltiZeroGames,PlayStation Studios|Sony Interactive Entertainment,Action RPG
Pokemon Friends,Nintendo Switch,2025-07-22,62.0,2.5,Wonderfy,Nintendo|The Pokemon Company,Action Puzzle
Kaiserpunk,PC,2025-03-21,62.0,3.5,Overseer Games,Overseer Games,Management
Still Wakes the Deep: Siren's Rest,PC,2025-06-18,61.0,6.8,The Chinese Room,Secret Mode,Survival
Still Wakes the Deep: Siren's Rest,Xbox Series X,2025-06-18,74.0,5.7,The Chinese Room,Secret Mode,Survival
Big Helmet Heroes,PlayStation 5,2025-02-06,61.0,6.2,Exalted Studio,Dear Villagers,3D Beat-'Em-Up
Drag x Drive,Nintendo Switch 2,2025-08-14,60.0,4.7,Nintendo,Nintendo,Basketball
Flint: Treasure of Oblivion,PC,2024-12-17,60.0,5.6,Savage Level,Microids,Turn-Based Tactics
The Spirit of the Samurai,PC,2024-12-12,59.0,6.5,Digital Mind Games,Kwalee Ltd,Metroidvania
Tales of the Shire: A The Lord of the Rings Game,PlayStation 5,2025-07-29,61.0,5.3,Weta Workshop,Private Division,Virtual Life
Tales of the Shire: A The Lord of the Rings Game,PC,2025-07-29,58.0,3.6,Weta Workshop,Private Division,Virtual Life
Tales of the Shire: A The Lord of the Rings Game,Nintendo Switch,2025-07-29,59.0,5.2,Weta Workshop,Private Division,Virtual Life
Game of Thrones: Kingsroad,PC,2025-05-21,57.0,5.8,Netmarble,Netmarble,Action RPG
Skydance's BEHEMOTH,PlayStation 5,2024-12-05,56.0,7.7,Skydance Interactive,Skydance Interactive|Maximum Entertainment,Action Adventure
Skydance's BEHEMOTH,Meta Quest,2024-12-05,76.0,8.9,Skydance Interactive,Skydance Interactive|Maximum Entertainment,Action Adventure
HOTEL BARCELONA,PC,2025-09-26,56.0,8.4,White Owls,Cult Games,Action Adventure
Star Wars Episode I: Jedi Power Battles Remaster,PlayStation 5,2025-01-23,55.0,4.3,Aspyr,Aspyr|Limited Run Games,3D Beat-'Em-Up
Nintendo Switch 2 Welcome Tour,Nintendo Switch 2,2025-06-05,54.0,3.7,Nintendo,Nintendo,Party
Bubsy in: The Purrfect Collection,PlayStation 5,2025-09-09,53.0,8.5,Limited Run Games,Atari|Limited Run Games,Compilation
Hunter x Hunter: Nen x Impact,PlayStation 5,2025-07-17,53.0,3.2,Eighting,Arc System Works|BushiRoad,2D Fighting
Neptunia Riders VS Dogoos,PlayStation 5,2025-01-28,51.0,5.3,Compile Heart,Idea Factory International|Idea Factory|Compile Heart|Reef Entertainment,Auto Racing
Captain Blood,PC,2025-05-06,50.0,6.4,SeaWolf,SNEG|1C Entertainment,Action Adventure
Captain Blood,PlayStation 5,2025-05-06,49.0,5.8,SeaWolf,SNEG|1C Entertainment,Action Adventure
Scar-Lead Salvation,PlayStation 5,2025-05-29,44.0,2.4,Idea Factory,Idea Factory International|Compile Heart|Idea Factory|Reef Entertainment,Third Person Shooter
Ambulance Life: A Paramedic Simulator,PlayStation 5,2025-02-06,44.0,6.1,Aesir Interactive,Nacon,Virtual Career
Tamagotchi Plaza,Nintendo Switch 2,2025-06-27,43.0,6.0,Bandai Namco Games,Bandai Namco Games,Virtual Life
MindsEye,PC,2025-06-10,37.0,2.4,Build a Rocket Boy,IOI Partners,Linear Action Adventure
MindsEye,PlayStation 5,2025-06-10,28.0,2.8,Build a Rocket Boy,IOI Partners,Linear Action Adventure
MindsEye,Xbox Series X,2025-06-10,33.0,2.5,Build a Rocket Boy,IOI Partners,Linear Action Adventure
